SummaryId,SampleType,MeanLoss
1,1,101957.141813
1,2,100370.491584
