SummaryId,SampleType,MeanLoss,SDLoss
1,1,101957.141813,257020.923845
1,2,100370.491584,274967.796080
