SummaryId,SampleType,MeanLoss,SDLoss
1,1,54793.293906,138126.891056
2,1,2080.757985,5245.324965
3,1,17339.649879,43711.041378
4,1,6242.273988,15735.974929
5,1,21501.165879,54201.691342
1,2,53929.959775,153031.969109
2,2,2042.802188,5785.502824
3,2,16889.927418,48071.816607
4,2,6115.324515,17339.078721
5,2,21392.477627,60555.715384
