SummaryId,SampleType,MeanLoss
1,1,54793.293906
1,2,53929.959775
2,1,2080.757985
2,2,2042.802188
3,1,17339.649879
3,2,16889.927418
4,1,6242.273988
4,2,6115.324515
5,1,21501.165879
5,2,21392.477627
