group_set_id,SummaryId,LossType,Mean,Std
1,1,2,15098.850020,37974.077463
1,2,2,52691.912897,132632.030900
1,3,2,11092.263747,27574.274439
1,4,2,2051.674162,5131.314782
1,5,2,16482.471868,41454.741368
1,6,2,47904.359877,118399.361427
1,7,2,6331.562633,15856.805920
1,8,2,21644.393935,54020.968167
1,9,2,28437.106331,70144.824643
1,10,2,29820.513131,74724.911056
