SummaryId,SampleType,MeanLoss
1,1,15258.891977
1,2,14940.773352
2,1,11097.375939
2,2,10939.078579
3,1,48551.019906
3,2,48155.918911
4,1,29130.611953
4,2,28890.503077
5,1,29824.197953
5,2,29387.891901
