SummaryId,SampleType,MeanLoss,SDLoss
1,1,133862.097625,337449.239960
1,2,132314.165996,357675.217025
