SummaryId,SampleType,MeanLoss,SDLoss
1,1,15258.891977,38465.716501
2,1,11097.375939,27975.066501
3,1,48551.019906,122390.916110
4,1,29130.611953,73434.549680
5,1,29824.197953,75182.991341
1,2,14940.773352,42572.469685
2,2,10939.078579,30831.272077
3,2,48155.918911,134821.658036
4,2,28890.503077,80755.129040
5,2,29387.891901,83630.315926
