SummaryId,SampleType,MeanLoss
1,1,133862.097625
1,2,132314.165996
