group_set_id,SummaryId,LossType,Mean,Std
0,1,1,235819.239437,328415.154034
0,1,3,232684.657062,318872.324654
