group_set_id,SummaryId,LossType,Mean,Std
1,1,2,14752.808379,36475.344132
1,2,2,54374.087287,133160.812315
1,3,2,10821.271506,26361.984517
1,4,2,2056.779879,5061.254426
1,5,2,16981.158525,41888.809553
1,6,2,47674.803486,115303.748288
1,7,2,6172.855557,15125.912149
1,8,2,21513.926220,52695.582127
1,9,2,28565.946342,69145.853020
1,10,2,29073.226330,71343.538888
